{
    "value0": {
        "cam.T_i_c": [
            {
                "px": 0.0,
                "py": 0.0,
                "pz": 0.0,
                "qx": 0.0,
                "qy": 0.0,
                "qz": 0.0,
                "qw": 1.0
            },
            {
                "px": 0.1100267495878814,
                "py": -0.0002891377986658265,
                "pz": 0.0002466250499199295,
                "qx": 0.007123658988065934,
                "qy": 0.000628922069999999,
                "qz": 0.0010774952115908353,
                "qw": 0.9999738481299002
            }
        ],
        "cam.intrinsics": [
            {
                "cam_type": "ds",
                "fx": 351.0372832168719,
                "fy": 350.00745559774045,
                "cx": 365.8880973548213,
                "cy": 249.34573836993605,
                "p1": -0.23853128172698807,
                "p2": 0.5678694845290969,
                "p3": 0.0,
                "p4": 0.0,
                "width": 752,
                "height": 480
            },
            {
                "cam_type": "ds",
                "fx": 362.95328870306437,
                "fy": 361.85685537441227,
                "cx": 379.3550191379888,
                "cy": 256.03924167771847,
                "p1": -0.21063783723055147,
                "p2": 0.577610941199283,
                "p3": 0.0,
                "p4": 0.0,
                "width": 752,
                "height": 480
            }
        ]
    }
}